{
  "hyperparameters": {
    "learning_rate": 0.11320391141177716,
    "discount_factor": 0.9777324201779083,
    "epsilon_initial": 0.5998368910791798,
    "epsilon_min": 0.032676417657817626,
    "num_episodes": 360000,
    "warmup_ratio": 0.026038553653599705,
    "target_ratio": 0.6430179407605754,
    "penalty_coeff": 0.0003916814960230879
  },
  "seed": 46,
  "track_confidence": false,
  "double_q": true,
  "mean_perf": 0.8963435995059954,
  "source": "train_rl mirror @ 2026-04-21 (upstream: C:\\Users\\maxvega\\Documents\\Win_mPES\\pes_dql\\inputs\\best_params.json)"
}