{
  "opt_date": "2026-04-23",
  "best_trial_number": 41,
  "mean_perf": 0.8937286762082891,
  "std_perf": 0.055170,
  "min_perf": 0.720886,
  "max_perf": 0.983051,
  "trial_seed": 84,
  "hidden_units": [64, 64],
  "hyperparameters": {
    "learning_rate": 0.0015083436603048935,
    "discount_factor": 0.9634244388615337,
    "epsilon_initial": 0.9627337198502147,
    "epsilon_min": 0.06914686776995618,
    "num_episodes": 40000,
    "hidden_layer_size": 64,
    "num_hidden_layers": 2,
    "batch_size": 128,
    "buffer_size": 20000,
    "target_sync_freq": 1000,
    "max_grad_norm": 3.9528553802652735,
    "use_pbrs": true,
    "penalty_coeff": 0.02258267089059471,
    "warmup_ratio": 0.2779025551585237,
    "target_ratio": 0.6290206520891799,
    "learning_starts_frac": 0.16154748671160965
  }
}
