model,sev_empirical,sev_uniform,sev_gauss_low,sev_gauss_mid,sev_gauss_high,sev_weibull,sev_beta_lowskew,sev_beta_highskew,sev_bimodal,sev_extrapolate_high,len_all_short,len_all_long,len_geometric,len_poisson,len_extrapolate_long,joint_high_long,joint_low_short,joint_uniform_geom,joint_extrap_both,struct_few_long_blocks,struct_many_short_blocks,struct_more_total
pes_ql,,6.377261e-03,5.260020e-01,5.820175e-01,2.379548e-02,7.771199e-03,3.363344e-02,6.124846e-03,1.034528e-01,2.890856e-25,5.813303e-07,7.843748e-03,1.304056e-01,4.891305e-01,7.430342e-06,1.173107e-01,8.171717e-03,1.361040e-02,3.004096e-15,1.000000e+00,1.000000e+00,1.000000e+00
pes_dql,,4.892746e-04,5.890925e-01,4.449583e-01,5.454865e-02,1.930812e-04,3.152928e-03,1.395293e-03,1.891706e-03,2.051951e-29,2.538790e-03,2.056609e-02,8.635360e-01,1.401024e-01,1.774495e-09,3.574342e-03,2.155172e-01,1.464065e-06,9.391809e-17,1.000000e+00,1.000000e+00,1.000000e+00
pes_dqn,,7.505468e-02,8.888817e-01,8.920535e-01,3.712731e-05,3.500396e-01,2.639591e-01,5.480697e-06,1.900675e-01,6.040490e-01,3.148253e-05,1.080494e-04,5.565406e-01,3.917898e-01,1.578808e-07,2.473031e-06,9.328229e-21,2.034825e-02,3.996699e-04,1.000000e+00,1.000000e+00,1.000000e+00
pes_rdqn,,6.050875e-02,5.429413e-01,3.657253e-01,6.725204e-04,1.915341e-01,5.290010e-01,6.090389e-03,4.774896e-02,3.215372e-05,6.218623e-03,7.656946e-01,6.913241e-01,6.164355e-01,2.194220e-01,2.116480e-05,7.991249e-01,1.132042e-03,1.311740e-02,1.000000e+00,1.000000e+00,1.000000e+00
pes_a2c,,7.398757e-02,9.133950e-02,9.023679e-01,2.169752e-08,4.651226e-01,5.602316e-02,4.651507e-09,2.969014e-01,2.313349e-06,2.214488e-12,7.188389e-05,7.509983e-01,3.724102e-01,3.193163e-08,3.857713e-04,3.406181e-19,7.773830e-02,1.141046e-10,1.000000e+00,1.000000e+00,1.000000e+00
pes_trf,,6.363135e-01,2.167015e-01,4.243445e-01,8.385691e-04,8.261284e-01,3.283156e-02,3.255829e-02,8.466365e-01,5.845754e-18,3.869985e-01,3.411587e-11,2.076124e-01,4.707622e-01,8.740454e-14,6.353636e-01,2.215997e-07,5.252517e-01,2.919133e-18,1.000000e+00,1.000000e+00,1.000000e+00
pes_ens,,9.823217e-01,8.234803e-01,9.383293e-01,9.342471e-05,9.692835e-01,3.021845e-02,9.329420e-02,8.886981e-01,2.291686e-21,1.914387e-03,6.174438e-03,1.953449e-01,5.024994e-01,1.680135e-08,2.170798e-01,5.954572e-01,2.911208e-01,2.291686e-21,1.000000e+00,1.000000e+00,1.000000e+00
